rule_id,rule_name,severity,MunID,Municipality,Property Class,Tax Ratio,base_lt_rate,LT/ST Tax Rate,expected_rate,detail
R06,Within-municipality rate consistency,warning,47041,Admaston-Bromley Tp,Industrial,2.865692,0.00624997,0.017673,0.01791048902924,Industrial LT rate 0.017673 does not equal residential base 0.00625 * tax ratio 2.8657 = 0.01791
R06,Within-municipality rate consistency,warning,47041,Admaston-Bromley Tp,Industrial,2.865692,0.00624997,0.017673,0.01791048902924,Industrial LT rate 0.017673 does not equal residential base 0.00625 * tax ratio 2.8657 = 0.01791
R06,Within-municipality rate consistency,warning,47041,Admaston-Bromley Tp,"Industrial, NConstr.",2.865692,0.00624997,0.017673,0.01791048902924,"Industrial, NConstr. LT rate 0.017673 does not equal residential base 0.00625 * tax ratio 2.8657 = 0.01791"
R06,Within-municipality rate consistency,warning,2030,Alfred and Plantagenet Tp,Industrial,2.721517,0.00668198,0.01785061,0.01818512216366,Industrial LT rate 0.017851 does not equal residential base 0.006682 * tax ratio 2.7215 = 0.018185
R06,Within-municipality rate consistency,warning,2030,Alfred and Plantagenet Tp,Industrial,2.721517,0.00668198,0.01785061,0.01818512216366,Industrial LT rate 0.017851 does not equal residential base 0.006682 * tax ratio 2.7215 = 0.018185
R06,Within-municipality rate consistency,warning,2030,Alfred and Plantagenet Tp,"Industrial, NConstr.",2.721517,0.00668198,0.01785061,0.01818512216366,"Industrial, NConstr. LT rate 0.017851 does not equal residential base 0.006682 * tax ratio 2.7215 = 0.018185"
R06,Within-municipality rate consistency,warning,54036,Armstrong Tp,Multi-Residential,2.428134,0.00971612,0.02428434,0.02359204132008,Multi-Residential LT rate 0.024284 does not equal residential base 0.009716 * tax ratio 2.4281 = 0.023592
R06,Within-municipality rate consistency,warning,59001,Atikokan Tp,Industrial,2.091556,0.03173158,0.06498803,0.06636837653848002,Industrial LT rate 0.064988 does not equal residential base 0.031732 * tax ratio 2.0916 = 0.066368
R06,Within-municipality rate consistency,warning,59001,Atikokan Tp,Industrial,2.091556,0.03173158,0.06498803,0.06636837653848002,Industrial LT rate 0.064988 does not equal residential base 0.031732 * tax ratio 2.0916 = 0.066368
R06,Within-municipality rate consistency,warning,59001,Atikokan Tp,Large Industrial,3.399253,0.03173158,0.1056203,0.10786366850974001,Large Industrial LT rate 0.10562 does not equal residential base 0.031732 * tax ratio 3.3993 = 0.107864
R06,Within-municipality rate consistency,warning,59001,Atikokan Tp,"Industrial, NConstr.",2.091556,0.03173158,0.06498803,0.06636837653848002,"Industrial, NConstr. LT rate 0.064988 does not equal residential base 0.031732 * tax ratio 2.0916 = 0.066368"
R06,Within-municipality rate consistency,warning,12005,Belleville C,Multi-Residential,2.2390309999999998,0.0093033,0.01957753,0.0208303771023,Multi-Residential LT rate 0.019578 does not equal residential base 0.009303 * tax ratio 2.239 = 0.02083
R06,Within-municipality rate consistency,warning,32045,Blandford - Blenheim Tp,Multi-Residential,2.185,0.00406991,0.00851676,0.008892753350000001,Multi-Residential LT rate 0.008517 does not equal residential base 0.00407 * tax ratio 2.185 = 0.008893
R06,Within-municipality rate consistency,warning,47015,Bonnechere Valley Tp,Industrial,2.865692,0.00663425,0.01868362,0.019011717151,Industrial LT rate 0.018684 does not equal residential base 0.006634 * tax ratio 2.8657 = 0.019012
R06,Within-municipality rate consistency,warning,47015,Bonnechere Valley Tp,Industrial,2.865692,0.00663425,0.01868362,0.019011717151,Industrial LT rate 0.018684 does not equal residential base 0.006634 * tax ratio 2.8657 = 0.019012
R06,Within-municipality rate consistency,warning,47015,Bonnechere Valley Tp,"Industrial, NConstr.",2.865692,0.00663425,0.01868362,0.019011717151,"Industrial, NConstr. LT rate 0.018684 does not equal residential base 0.006634 * tax ratio 2.8657 = 0.019012"
R06,Within-municipality rate consistency,warning,47018,"Brudenell, Lyndoch and Raglan Tp",Industrial,2.865692,0.00583414,0.01647379,0.01671884832488,Industrial LT rate 0.016474 does not equal residential base 0.005834 * tax ratio 2.8657 = 0.016719
R06,Within-municipality rate consistency,warning,48022,Calvin Tp,Industrial,2.694059,0.01087866,0.02864312,0.02930775188094,Industrial LT rate 0.028643 does not equal residential base 0.010879 * tax ratio 2.6941 = 0.029308
R06,Within-municipality rate consistency,warning,2044,Casselman M,Industrial,2.721517,0.00606389,0.01634073,0.01650297972113,Industrial LT rate 0.016341 does not equal residential base 0.006064 * tax ratio 2.7215 = 0.016503
R06,Within-municipality rate consistency,warning,2005,Champlain Tp,Industrial,2.721517,0.00593396,0.01572044,0.01614937301732,Industrial LT rate 0.01572 does not equal residential base 0.005934 * tax ratio 2.7215 = 0.016149
R06,Within-municipality rate consistency,warning,2005,Champlain Tp,Industrial,2.721517,0.00593396,0.01572044,0.01614937301732,Industrial LT rate 0.01572 does not equal residential base 0.005934 * tax ratio 2.7215 = 0.016149
R06,Within-municipality rate consistency,warning,2005,Champlain Tp,Large Industrial,3.657094,0.00593396,0.02112468,0.02170104951224,Large Industrial LT rate 0.021125 does not equal residential base 0.005934 * tax ratio 3.6571 = 0.021701
R06,Within-municipality rate consistency,warning,2005,Champlain Tp,"Industrial, NConstr.",2.721517,0.00593396,0.01572044,0.01614937301732,"Industrial, NConstr. LT rate 0.01572 does not equal residential base 0.005934 * tax ratio 2.7215 = 0.016149"
R06,Within-municipality rate consistency,warning,2036,Clarence-Rockland C,Industrial,2.721517,0.00667195,0.01790026,0.01815782534815,Industrial LT rate 0.0179 does not equal residential base 0.006672 * tax ratio 2.7215 = 0.018158
R06,Within-municipality rate consistency,warning,2036,Clarence-Rockland C,Industrial,2.721517,0.00667195,0.01790026,0.01815782534815,Industrial LT rate 0.0179 does not equal residential base 0.006672 * tax ratio 2.7215 = 0.018158
R06,Within-municipality rate consistency,warning,2036,Clarence-Rockland C,"Industrial, NConstr.",2.721517,0.00667195,0.01790026,0.01815782534815,"Industrial, NConstr. LT rate 0.0179 does not equal residential base 0.006672 * tax ratio 2.7215 = 0.018158"
R06,Within-municipality rate consistency,warning,56037,Cochrane T,Multi-Residential,2.416873,0.01437231,0.03353387,0.03473604798663,Multi-Residential LT rate 0.033534 does not equal residential base 0.014372 * tax ratio 2.4169 = 0.034736
R06,Within-municipality rate consistency,warning,1012,Cornwall C,Multi-Residential,2.197076,0.01466844,0.03112779,0.03222767748144,Multi-Residential LT rate 0.031128 does not equal residential base 0.014668 * tax ratio 2.1971 = 0.032228
R06,Within-municipality rate consistency,warning,58034,Dorion Tp,Commercial,2.455502,0.01326149,0.0320108,0.032563615217980006,Commercial LT rate 0.032011 does not equal residential base 0.013261 * tax ratio 2.4555 = 0.032564
R06,Within-municipality rate consistency,warning,60025,Dryden C,Industrial,1.5,0.01583049,0.02350643,0.023745734999999997,Industrial LT rate 0.023506 does not equal residential base 0.01583 * tax ratio 1.5 = 0.023746
R06,Within-municipality rate consistency,warning,60025,Dryden C,Industrial,1.5,0.01583049,0.02350643,0.023745734999999997,Industrial LT rate 0.023506 does not equal residential base 0.01583 * tax ratio 1.5 = 0.023746
R06,Within-municipality rate consistency,warning,60025,Dryden C,Large Industrial,7.964602,0.01583049,0.12481292,0.12608355231498,Large Industrial LT rate 0.124813 does not equal residential base 0.01583 * tax ratio 7.9646 = 0.126084
R06,Within-municipality rate consistency,warning,57079,Dubreuilville Tp,Large Industrial,2.903479,0.03369439,0.09304249,0.09783095378281,Large Industrial LT rate 0.093042 does not equal residential base 0.033694 * tax ratio 2.9035 = 0.097831
R06,Within-municipality rate consistency,warning,2001,East Hawkesbury Tp,Industrial,2.721517,0.00477311,0.01290563,0.012990100007869999,Industrial LT rate 0.012906 does not equal residential base 0.004773 * tax ratio 2.7215 = 0.01299
R06,Within-municipality rate consistency,warning,2001,East Hawkesbury Tp,Industrial,2.721517,0.00477311,0.01290563,0.012990100007869999,Industrial LT rate 0.012906 does not equal residential base 0.004773 * tax ratio 2.7215 = 0.01299
R06,Within-municipality rate consistency,warning,2001,East Hawkesbury Tp,"Industrial, NConstr.",2.721517,0.00477311,0.01290563,0.012990100007869999,"Industrial, NConstr. LT rate 0.012906 does not equal residential base 0.004773 * tax ratio 2.7215 = 0.01299"
R06,Within-municipality rate consistency,warning,52026,Espanola T,Multi-Residential,2.008511,0.01540777,0.03074332,0.030946675530469998,Multi-Residential LT rate 0.030743 does not equal residential base 0.015408 * tax ratio 2.0085 = 0.030947
R06,Within-municipality rate consistency,warning,56052,Fauquier-Strickland Tp,Multi-Residential,1.2488,0.01578138,0.01578138,0.019707787344,Multi-Residential LT rate 0.015781 does not equal residential base 0.015781 * tax ratio 1.2488 = 0.019708
R06,Within-municipality rate consistency,warning,59012,Fort Frances T,Multi-Residential,2.55397,0.01682625,0.04143459,0.0429737377125,Multi-Residential LT rate 0.041435 does not equal residential base 0.016826 * tax ratio 2.554 = 0.042974
R06,Within-municipality rate consistency,warning,59012,Fort Frances T,Commercial,1.967217,0.01682625,0.03227896,0.03310088504625,Commercial LT rate 0.032279 does not equal residential base 0.016826 * tax ratio 1.9672 = 0.033101
R06,Within-municipality rate consistency,warning,59012,Fort Frances T,Commercial,1.967217,0.01682625,0.05379828,0.03310088504625,Commercial LT rate 0.053798 does not equal residential base 0.016826 * tax ratio 1.9672 = 0.033101
R06,Within-municipality rate consistency,warning,59012,Fort Frances T,Commercial,1.967217,0.01682625,0.03227896,0.03310088504625,Commercial LT rate 0.032279 does not equal residential base 0.016826 * tax ratio 1.9672 = 0.033101
R06,Within-municipality rate consistency,warning,59012,Fort Frances T,Office Building,1.967217,0.01682625,0.03227896,0.03310088504625,Office Building LT rate 0.032279 does not equal residential base 0.016826 * tax ratio 1.9672 = 0.033101
R06,Within-municipality rate consistency,warning,59012,Fort Frances T,Industrial,2.823341,0.01682625,0.0466555,0.047506241501250004,Industrial LT rate 0.046656 does not equal residential base 0.016826 * tax ratio 2.8233 = 0.047506
R06,Within-municipality rate consistency,warning,59012,Fort Frances T,Industrial,2.823341,0.01682625,0.0466555,0.047506241501250004,Industrial LT rate 0.046656 does not equal residential base 0.016826 * tax ratio 2.8233 = 0.047506
R06,Within-municipality rate consistency,warning,59012,Fort Frances T,Large Industrial,7.240504,0.01682625,0.11964878,0.12183053043,Large Industrial LT rate 0.119649 does not equal residential base 0.016826 * tax ratio 7.2405 = 0.121831
R06,Within-municipality rate consistency,warning,59012,Fort Frances T,"Commercial, NConstr.",1.967217,0.01682625,0.03227896,0.03310088504625,"Commercial, NConstr. LT rate 0.032279 does not equal residential base 0.016826 * tax ratio 1.9672 = 0.033101"
R06,Within-municipality rate consistency,warning,53005,Greater Sudbury C,Industrial,3.795,0.010564,0.03936491,0.04009038,Industrial LT rate 0.039365 does not equal residential base 0.010564 * tax ratio 3.795 = 0.04009
R06,Within-municipality rate consistency,warning,53005,Greater Sudbury C,Industrial,3.795,0.010564,0.03936491,0.04009038,Industrial LT rate 0.039365 does not equal residential base 0.010564 * tax ratio 3.795 = 0.04009
R06,Within-municipality rate consistency,warning,53005,Greater Sudbury C,Large Industrial,4.40516,0.010564,0.045694,0.046536110240000005,Large Industrial LT rate 0.045694 does not equal residential base 0.010564 * tax ratio 4.4052 = 0.046536
R06,Within-municipality rate consistency,warning,53005,Greater Sudbury C,"Industrial, NConstr.",3.795,0.010564,0.03936491,0.04009038,"Industrial, NConstr. LT rate 0.039365 does not equal residential base 0.010564 * tax ratio 3.795 = 0.04009"
R06,Within-municipality rate consistency,warning,53005,Greater Sudbury C,"Large Ind., NConstr.",4.40516,0.010564,0.045694,0.046536110240000005,"Large Ind., NConstr. LT rate 0.045694 does not equal residential base 0.010564 * tax ratio 4.4052 = 0.046536"
R06,Within-municipality rate consistency,warning,2008,Hawkesbury T,Industrial,2.721517,0.01079891,0.02881273,0.02938941714647,Industrial LT rate 0.028813 does not equal residential base 0.010799 * tax ratio 2.7215 = 0.029389
R06,Within-municipality rate consistency,warning,2008,Hawkesbury T,Industrial,2.721517,0.01079891,0.02881273,0.02938941714647,Industrial LT rate 0.028813 does not equal residential base 0.010799 * tax ratio 2.7215 = 0.029389
R06,Within-municipality rate consistency,warning,2008,Hawkesbury T,Large Industrial,3.657094,0.01079891,0.03871769,0.03949262896754,Large Industrial LT rate 0.038718 does not equal residential base 0.010799 * tax ratio 3.6571 = 0.039493
R06,Within-municipality rate consistency,warning,2008,Hawkesbury T,"Industrial, NConstr.",2.721517,0.01079891,0.02881273,0.02938941714647,"Industrial, NConstr. LT rate 0.028813 does not equal residential base 0.010799 * tax ratio 2.7215 = 0.029389"
R06,Within-municipality rate consistency,warning,2008,Hawkesbury T,"Large Ind., NConstr.",3.657094,0.01079891,0.03871769,0.03949262896754,"Large Ind., NConstr. LT rate 0.038718 does not equal residential base 0.010799 * tax ratio 3.6571 = 0.039493"
R06,Within-municipality rate consistency,warning,47098,"Head, Clara and Maria Tp",Industrial,2.865692,0.00246947,0.00686949,0.007076740423240001,Industrial LT rate 0.006869 does not equal residential base 0.002469 * tax ratio 2.8657 = 0.007077
R06,Within-municipality rate consistency,warning,47098,"Head, Clara and Maria Tp",Industrial,2.865692,0.00246947,0.00686949,0.007076740423240001,Industrial LT rate 0.006869 does not equal residential base 0.002469 * tax ratio 2.8657 = 0.007077
R06,Within-municipality rate consistency,warning,47046,Horton Tp,Industrial,2.865692,0.00545926,0.01544073,0.01564455770792,Industrial LT rate 0.015441 does not equal residential base 0.005459 * tax ratio 2.8657 = 0.015645
R06,Within-municipality rate consistency,warning,47046,Horton Tp,Industrial,2.865692,0.00545926,0.01544073,0.01564455770792,Industrial LT rate 0.015441 does not equal residential base 0.005459 * tax ratio 2.8657 = 0.015645
R06,Within-municipality rate consistency,warning,32018,Ingersoll T,Multi-Residential,2.185,0.00925739,0.01984939,0.020227397150000003,Multi-Residential LT rate 0.019849 does not equal residential base 0.009257 * tax ratio 2.185 = 0.020227
R06,Within-municipality rate consistency,warning,56031,Iroquois Falls T,Multi-Residential,2.17402,0.02074931,0.04418439,0.0451094149262,Multi-Residential LT rate 0.044184 does not equal residential base 0.020749 * tax ratio 2.174 = 0.045109
R06,Within-municipality rate consistency,warning,56031,Iroquois Falls T,Industrial,2.389653,0.02074931,0.04907527,0.04958365088943,Industrial LT rate 0.049075 does not equal residential base 0.020749 * tax ratio 2.3897 = 0.049584
R06,Within-municipality rate consistency,warning,56031,Iroquois Falls T,Industrial,2.389653,0.02074931,0.04907527,0.04958365088943,Industrial LT rate 0.049075 does not equal residential base 0.020749 * tax ratio 2.3897 = 0.049584
R06,Within-municipality rate consistency,warning,56031,Iroquois Falls T,Large Industrial,5.509469,0.02074931,0.11314557,0.11431768021639001,Large Industrial LT rate 0.113146 does not equal residential base 0.020749 * tax ratio 5.5095 = 0.114318
R06,Within-municipality rate consistency,warning,60011,Kenora C,Commercial,2.152164,0.01211057,0.02560421,0.026063932773479997,Commercial LT rate 0.025604 does not equal residential base 0.012111 * tax ratio 2.1522 = 0.026064
R06,Within-municipality rate consistency,warning,60011,Kenora C,Commercial,2.152164,0.01211057,0.02560421,0.026063932773479997,Commercial LT rate 0.025604 does not equal residential base 0.012111 * tax ratio 2.1522 = 0.026064
R06,Within-municipality rate consistency,warning,60011,Kenora C,Parking Lot,1.7691,0.01211057,0.02104691,0.021424809386999998,Parking Lot LT rate 0.021047 does not equal residential base 0.012111 * tax ratio 1.7691 = 0.021425
R06,Within-municipality rate consistency,warning,60011,Kenora C,Office Building,2.6007730000000002,0.01211057,0.03094129,0.03149684347061,Office Building LT rate 0.030941 does not equal residential base 0.012111 * tax ratio 2.6008 = 0.031497
R06,Within-municipality rate consistency,warning,60011,Kenora C,Shopping Centre,3.05767,0.01211057,0.03637698,0.037030126571899996,Shopping Centre LT rate 0.036377 does not equal residential base 0.012111 * tax ratio 3.0577 = 0.03703
R06,Within-municipality rate consistency,warning,60011,Kenora C,"Commercial, NConstr.",2.152164,0.01211057,0.02560421,0.026063932773479997,"Commercial, NConstr. LT rate 0.025604 does not equal residential base 0.012111 * tax ratio 2.1522 = 0.026064"
R06,Within-municipality rate consistency,warning,52003,Killarney M,Commercial,1.7740960000000001,0.00803325,0.01025946,0.014251756692000002,Commercial LT rate 0.010259 does not equal residential base 0.008033 * tax ratio 1.7741 = 0.014252
R06,Within-municipality rate consistency,warning,52003,Killarney M,"Commercial, NConstr.",1.7740960000000001,0.00803325,0.01025946,0.014251756692000002,"Commercial, NConstr. LT rate 0.010259 does not equal residential base 0.008033 * tax ratio 1.7741 = 0.014252"
R06,Within-municipality rate consistency,warning,52003,Killarney M,"Commercial, NConstr.",1.7740960000000001,0.00803325,0.0170991,0.014251756692000002,"Commercial, NConstr. LT rate 0.017099 does not equal residential base 0.008033 * tax ratio 1.7741 = 0.014252"
R06,Within-municipality rate consistency,warning,54068,Kirkland Lake T,Commercial,2.202647,0.00703052,0.01474723,0.01548575378644,Commercial LT rate 0.014747 does not equal residential base 0.007031 * tax ratio 2.2026 = 0.015486
R06,Within-municipality rate consistency,warning,54068,Kirkland Lake T,Commercial,2.202647,0.02008633,0.04213494,0.04424309451550999,Commercial LT rate 0.042135 does not equal residential base 0.020086 * tax ratio 2.2026 = 0.044243
R06,Within-municipality rate consistency,warning,54068,Kirkland Lake T,Commercial,2.202647,0.02008633,0.04213494,0.04424309451550999,Commercial LT rate 0.042135 does not equal residential base 0.020086 * tax ratio 2.2026 = 0.044243
R06,Within-municipality rate consistency,warning,54068,Kirkland Lake T,Parking Lot,2.202647,0.02008633,0.04213494,0.04424309451550999,Parking Lot LT rate 0.042135 does not equal residential base 0.020086 * tax ratio 2.2026 = 0.044243
R06,Within-municipality rate consistency,warning,54068,Kirkland Lake T,Shopping Centre,2.202647,0.02008633,0.04213494,0.04424309451550999,Shopping Centre LT rate 0.042135 does not equal residential base 0.020086 * tax ratio 2.2026 = 0.044243
R06,Within-municipality rate consistency,warning,54068,Kirkland Lake T,Industrial,4.056718,0.02008633,0.02869567,0.08148457646493999,Industrial LT rate 0.028696 does not equal residential base 0.020086 * tax ratio 4.0567 = 0.081485
R06,Within-municipality rate consistency,warning,54068,Kirkland Lake T,Industrial,4.056718,0.02008633,0.31884082,0.08148457646493999,Industrial LT rate 0.318841 does not equal residential base 0.020086 * tax ratio 4.0567 = 0.081485
R06,Within-municipality rate consistency,warning,54068,Kirkland Lake T,Industrial,4.056718,0.02008633,0.02869567,0.08148457646493999,Industrial LT rate 0.028696 does not equal residential base 0.020086 * tax ratio 4.0567 = 0.081485
R06,Within-municipality rate consistency,warning,54068,Kirkland Lake T,"Industrial, NConstr.",4.056718,0.02008633,0.02869567,0.08148457646493999,"Industrial, NConstr. LT rate 0.028696 does not equal residential base 0.020086 * tax ratio 4.0567 = 0.081485"
R06,Within-municipality rate consistency,warning,54068,Kirkland Lake T,"Industrial, NConstr.",4.056718,0.02008633,0.31884082,0.08148457646493999,"Industrial, NConstr. LT rate 0.318841 does not equal residential base 0.020086 * tax ratio 4.0567 = 0.081485"
R06,Within-municipality rate consistency,warning,54068,Kirkland Lake T,"Commercial, NConstr.",2.202647,0.02008633,0.04213494,0.04424309451550999,"Commercial, NConstr. LT rate 0.042135 does not equal residential base 0.020086 * tax ratio 2.2026 = 0.044243"
R06,Within-municipality rate consistency,warning,54068,Kirkland Lake T,"Office Build., NConstr.",2.202647,0.02008633,0.04213494,0.04424309451550999,"Office Build., NConstr. LT rate 0.042135 does not equal residential base 0.020086 * tax ratio 2.2026 = 0.044243"
R06,Within-municipality rate consistency,warning,9033,Lanark Highlands Tp,Multi-Residential,2.215258,0.00549631,0.01211179,0.012175744697979999,Multi-Residential LT rate 0.012112 does not equal residential base 0.005496 * tax ratio 2.2153 = 0.012176
R06,Within-municipality rate consistency,warning,9033,Lanark Highlands Tp,"Industrial, NConstr.",2.554201,0.00549631,0.0107029,0.014038680498309999,"Industrial, NConstr. LT rate 0.010703 does not equal residential base 0.005496 * tax ratio 2.5542 = 0.014039"
R06,Within-municipality rate consistency,warning,47063,Laurentian Valley Tp,Industrial,2.865692,0.00391365,0.01073664,0.011215315495800002,Industrial LT rate 0.010737 does not equal residential base 0.003914 * tax ratio 2.8657 = 0.011215
R06,Within-municipality rate consistency,warning,47063,Laurentian Valley Tp,Industrial,2.865692,0.00391365,0.01073664,0.011215315495800002,Industrial LT rate 0.010737 does not equal residential base 0.003914 * tax ratio 2.8657 = 0.011215
R06,Within-municipality rate consistency,warning,47063,Laurentian Valley Tp,Large Industrial,3.575154,0.00391365,0.0133947,0.0139919014521,Large Industrial LT rate 0.013395 does not equal residential base 0.003914 * tax ratio 3.5752 = 0.013992
R06,Within-municipality rate consistency,warning,47063,Laurentian Valley Tp,"Industrial, NConstr.",2.865692,0.00391365,0.01073664,0.011215315495800002,"Industrial, NConstr. LT rate 0.010737 does not equal residential base 0.003914 * tax ratio 2.8657 = 0.011215"
R06,Within-municipality rate consistency,warning,39036,London C,Multi-Residential,1.7957999999999998,0.01179225,0.02062582,0.02117652255,Multi-Residential LT rate 0.020626 does not equal residential base 0.011792 * tax ratio 1.7958 = 0.021177
R06,Within-municipality rate consistency,warning,39036,London C,Commercial,1.9300000000000002,0.01179225,0.02264112,0.022759042500000003,Commercial LT rate 0.022641 does not equal residential base 0.011792 * tax ratio 1.93 = 0.022759
R06,Within-municipality rate consistency,warning,39036,London C,Commercial,1.9300000000000002,0.01179225,0.02264112,0.022759042500000003,Commercial LT rate 0.022641 does not equal residential base 0.011792 * tax ratio 1.93 = 0.022759
R06,Within-municipality rate consistency,warning,39036,London C,Parking Lot,1.9300000000000002,0.01179225,0.02264112,0.022759042500000003,Parking Lot LT rate 0.022641 does not equal residential base 0.011792 * tax ratio 1.93 = 0.022759
R06,Within-municipality rate consistency,warning,39036,London C,Office Building,1.9300000000000002,0.01179225,0.02264112,0.022759042500000003,Office Building LT rate 0.022641 does not equal residential base 0.011792 * tax ratio 1.93 = 0.022759
R06,Within-municipality rate consistency,warning,39036,London C,Shopping Centre,1.9300000000000002,0.01179225,0.02264112,0.022759042500000003,Shopping Centre LT rate 0.022641 does not equal residential base 0.011792 * tax ratio 1.93 = 0.022759
R06,Within-municipality rate consistency,warning,39036,London C,Industrial,1.9300000000000002,0.01179225,0.02264112,0.022759042500000003,Industrial LT rate 0.022641 does not equal residential base 0.011792 * tax ratio 1.93 = 0.022759
R06,Within-municipality rate consistency,warning,39036,London C,Industrial,1.9300000000000002,0.01179225,0.02264112,0.022759042500000003,Industrial LT rate 0.022641 does not equal residential base 0.011792 * tax ratio 1.93 = 0.022759
R06,Within-municipality rate consistency,warning,39036,London C,Large Industrial,1.9300000000000002,0.01179225,0.02264112,0.022759042500000003,Large Industrial LT rate 0.022641 does not equal residential base 0.011792 * tax ratio 1.93 = 0.022759
R06,Within-municipality rate consistency,warning,39036,London C,"Industrial, NConstr.",1.9300000000000002,0.01179225,0.02264112,0.022759042500000003,"Industrial, NConstr. LT rate 0.022641 does not equal residential base 0.011792 * tax ratio 1.93 = 0.022759"
R06,Within-municipality rate consistency,warning,39036,London C,"Large Ind., NConstr.",1.9300000000000002,0.01179225,0.02264112,0.022759042500000003,"Large Ind., NConstr. LT rate 0.022641 does not equal residential base 0.011792 * tax ratio 1.93 = 0.022759"
R06,Within-municipality rate consistency,warning,39036,London C,"Commercial, NConstr.",1.9300000000000002,0.01179225,0.02264112,0.022759042500000003,"Commercial, NConstr. LT rate 0.022641 does not equal residential base 0.011792 * tax ratio 1.93 = 0.022759"
R06,Within-municipality rate consistency,warning,39036,London C,"Office Build., NConstr.",1.9300000000000002,0.01179225,0.02264112,0.022759042500000003,"Office Build., NConstr. LT rate 0.022641 does not equal residential base 0.011792 * tax ratio 1.93 = 0.022759"
R06,Within-municipality rate consistency,warning,39036,London C,"Shopp. Centre, NConstr.",1.9300000000000002,0.01179225,0.02264112,0.022759042500000003,"Shopp. Centre, NConstr. LT rate 0.022641 does not equal residential base 0.011792 * tax ratio 1.93 = 0.022759"
R06,Within-municipality rate consistency,warning,58059,Marathon T,Large Industrial,2.63,0.02715073,0.0121038,0.0714064199,Large Industrial LT rate 0.012104 does not equal residential base 0.027151 * tax ratio 2.63 = 0.071406
R06,Within-municipality rate consistency,warning,52007,Markstay-Warren M,Multi-Residential,2.068157,0.01199696,0.02452809,0.024811596802719996,Multi-Residential LT rate 0.024528 does not equal residential base 0.011997 * tax ratio 2.0682 = 0.024812
R06,Within-municipality rate consistency,warning,52007,Markstay-Warren M,Commercial,1.9820410000000002,0.01199696,0.02362793,0.02377846659536,Commercial LT rate 0.023628 does not equal residential base 0.011997 * tax ratio 1.982 = 0.023778
R06,Within-municipality rate consistency,warning,52007,Markstay-Warren M,"Commercial, NConstr.",1.9820410000000002,0.01199696,0.02362793,0.02377846659536,"Commercial, NConstr. LT rate 0.023628 does not equal residential base 0.011997 * tax ratio 1.982 = 0.023778"
R06,Within-municipality rate consistency,warning,56077,Mattice - Val Cote Tp,Commercial,2.318004,0.01354007,0.0306766,0.03138593642028,Commercial LT rate 0.030677 does not equal residential base 0.01354 * tax ratio 2.318 = 0.031386
R06,Within-municipality rate consistency,warning,47003,McNab-Braeside Tp,Industrial,2.865692,0.00587406,0.01629448,0.01683324674952,Industrial LT rate 0.016294 does not equal residential base 0.005874 * tax ratio 2.8657 = 0.016833
R06,Within-municipality rate consistency,warning,47003,McNab-Braeside Tp,Industrial,2.865692,0.00587406,0.01629448,0.01683324674952,Industrial LT rate 0.016294 does not equal residential base 0.005874 * tax ratio 2.8657 = 0.016833
R06,Within-municipality rate consistency,warning,47003,McNab-Braeside Tp,"Industrial, NConstr.",2.865692,0.00587406,0.01629448,0.01683324674952,"Industrial, NConstr. LT rate 0.016294 does not equal residential base 0.005874 * tax ratio 2.8657 = 0.016833"
R06,Within-municipality rate consistency,warning,9030,Mississippi Mills M,Multi-Residential,2.215258,0.00522898,0.01118083,0.01158353977684,Multi-Residential LT rate 0.011181 does not equal residential base 0.005229 * tax ratio 2.2153 = 0.011584
R06,Within-municipality rate consistency,warning,52031,Nairn and Hyman Tp,Industrial,4.179191,0.01253272,0.05187005,0.052376630629520006,Industrial LT rate 0.05187 does not equal residential base 0.012533 * tax ratio 4.1792 = 0.052377
R06,Within-municipality rate consistency,warning,52031,Nairn and Hyman Tp,Large Industrial,4.179191,0.01253272,0.05187005,0.052376630629520006,Large Industrial LT rate 0.05187 does not equal residential base 0.012533 * tax ratio 4.1792 = 0.052377
R06,Within-municipality rate consistency,warning,26043,Niagara Falls C,Residential,1.0,0.00436154,0.00487008,0.00436154,Residential LT rate 0.00487 does not equal residential base 0.004362 * tax ratio 1.0 = 0.004362
R06,Within-municipality rate consistency,warning,26043,Niagara Falls C,Commercial,1.7349,0.00436154,0.00844911,0.007566835746,Commercial LT rate 0.008449 does not equal residential base 0.004362 * tax ratio 1.7349 = 0.007567
R06,Within-municipality rate consistency,warning,26043,Niagara Falls C,Industrial,2.63,0.00436154,0.01280831,0.011470850199999999,Industrial LT rate 0.012808 does not equal residential base 0.004362 * tax ratio 2.63 = 0.011471
R06,Within-municipality rate consistency,warning,47068,North Algona-Wilberforce Tp,Industrial,2.865692,0.00641918,0.01816822,0.018395392772560002,Industrial LT rate 0.018168 does not equal residential base 0.006419 * tax ratio 2.8657 = 0.018395
R06,Within-municipality rate consistency,warning,47068,North Algona-Wilberforce Tp,Industrial,2.865692,0.00641918,0.01816822,0.018395392772560002,Industrial LT rate 0.018168 does not equal residential base 0.006419 * tax ratio 2.8657 = 0.018395
R06,Within-municipality rate consistency,warning,32002,Norwich Tp,Multi-Residential,2.185,0.00568907,0.01186709,0.01243061795,Multi-Residential LT rate 0.011867 does not equal residential base 0.005689 * tax ratio 2.185 = 0.012431
R06,Within-municipality rate consistency,warning,43052,Orillia C,Commercial,1.865283,0.01224041,0.01939244,0.022831828686030002,Commercial LT rate 0.019392 does not equal residential base 0.01224 * tax ratio 1.8653 = 0.022832
R06,Within-municipality rate consistency,warning,43052,Orillia C,Commercial,1.865283,0.01224041,0.04126051,0.022831828686030002,Commercial LT rate 0.041261 does not equal residential base 0.01224 * tax ratio 1.8653 = 0.022832
R06,Within-municipality rate consistency,warning,43052,Orillia C,Office Building,1.865283,0.01224041,0.01939244,0.022831828686030002,Office Building LT rate 0.019392 does not equal residential base 0.01224 * tax ratio 1.8653 = 0.022832
R06,Within-municipality rate consistency,warning,43052,Orillia C,Shopping Centre,1.865283,0.01224041,0.01939244,0.022831828686030002,Shopping Centre LT rate 0.019392 does not equal residential base 0.01224 * tax ratio 1.8653 = 0.022832
R06,Within-municipality rate consistency,warning,43052,Orillia C,Shopping Centre,1.865283,0.01224041,0.04126051,0.022831828686030002,Shopping Centre LT rate 0.041261 does not equal residential base 0.01224 * tax ratio 1.8653 = 0.022832
R06,Within-municipality rate consistency,warning,43052,Orillia C,"Commercial, NConstr.",1.865283,0.01224041,0.01939244,0.022831828686030002,"Commercial, NConstr. LT rate 0.019392 does not equal residential base 0.01224 * tax ratio 1.8653 = 0.022832"
R06,Within-municipality rate consistency,warning,43052,Orillia C,"Commercial, NConstr.",1.8765283,0.01224041,0.04126051,0.022969475768603,"Commercial, NConstr. LT rate 0.041261 does not equal residential base 0.01224 * tax ratio 1.8765 = 0.022969"
R06,Within-municipality rate consistency,warning,43052,Orillia C,"Office Build., NConstr.",1.865283,0.01224041,0.01939244,0.022831828686030002,"Office Build., NConstr. LT rate 0.019392 does not equal residential base 0.01224 * tax ratio 1.8653 = 0.022832"
R06,Within-municipality rate consistency,warning,43052,Orillia C,"Shopp. Centre, NConstr.",1.865283,0.01224041,0.01939244,0.022831828686030002,"Shopp. Centre, NConstr. LT rate 0.019392 does not equal residential base 0.01224 * tax ratio 1.8653 = 0.022832"
R06,Within-municipality rate consistency,warning,47077,Petawawa T,Industrial,2.865692,0.00377348,0.01034138,0.010813631448160001,Industrial LT rate 0.010341 does not equal residential base 0.003773 * tax ratio 2.8657 = 0.010814
R06,Within-municipality rate consistency,warning,47077,Petawawa T,Industrial,2.865692,0.00377348,0.01034138,0.010813631448160001,Industrial LT rate 0.010341 does not equal residential base 0.003773 * tax ratio 2.8657 = 0.010814
R06,Within-municipality rate consistency,warning,47077,Petawawa T,"Industrial, NConstr.",2.865692,0.00377348,0.01034138,0.010813631448160001,"Industrial, NConstr. LT rate 0.010341 does not equal residential base 0.003773 * tax ratio 2.8657 = 0.010814"
R06,Within-municipality rate consistency,warning,13002,Prince Edward County C,Farmland,0.23,0.00910892,0.00211236,0.0020950516,Farmland LT rate 0.002112 does not equal residential base 0.009109 * tax ratio 0.23 = 0.002095
R06,Within-municipality rate consistency,warning,47048,Renfrew T,Industrial,2.865692,0.00975488,0.02726016,0.027954481576960004,Industrial LT rate 0.02726 does not equal residential base 0.009755 * tax ratio 2.8657 = 0.027954
R06,Within-municipality rate consistency,warning,47048,Renfrew T,Industrial,2.865692,0.00975488,0.02726016,0.027954481576960004,Industrial LT rate 0.02726 does not equal residential base 0.009755 * tax ratio 2.8657 = 0.027954
R06,Within-municipality rate consistency,warning,47048,Renfrew T,Large Industrial,3.575154,0.00975488,0.034009,0.03487519825152,Large Industrial LT rate 0.034009 does not equal residential base 0.009755 * tax ratio 3.5752 = 0.034875
R06,Within-municipality rate consistency,warning,47048,Renfrew T,"Industrial, NConstr.",2.865692,0.00975488,0.02726016,0.027954481576960004,"Industrial, NConstr. LT rate 0.02726 does not equal residential base 0.009755 * tax ratio 2.8657 = 0.027954"
R06,Within-municipality rate consistency,warning,2048,Russell Tp,Industrial,2.721517,0.00494754,0.01333247,0.01346481421818,Industrial LT rate 0.013332 does not equal residential base 0.004948 * tax ratio 2.7215 = 0.013465
R06,Within-municipality rate consistency,warning,2048,Russell Tp,Industrial,2.721517,0.00494754,0.01333247,0.01346481421818,Industrial LT rate 0.013332 does not equal residential base 0.004948 * tax ratio 2.7215 = 0.013465
R06,Within-municipality rate consistency,warning,2048,Russell Tp,"Industrial, NConstr.",2.721517,0.00494754,0.01333247,0.01346481421818,"Industrial, NConstr. LT rate 0.013332 does not equal residential base 0.004948 * tax ratio 2.7215 = 0.013465"
R06,Within-municipality rate consistency,warning,57061,Sault Ste Marie C,Commercial,2.182893,0.01310112,0.02806214,0.02859834314016,Commercial LT rate 0.028062 does not equal residential base 0.013101 * tax ratio 2.1829 = 0.028598
R06,Within-municipality rate consistency,warning,57061,Sault Ste Marie C,Commercial,2.182893,0.01310112,0.02806214,0.02859834314016,Commercial LT rate 0.028062 does not equal residential base 0.013101 * tax ratio 2.1829 = 0.028598
R06,Within-municipality rate consistency,warning,57061,Sault Ste Marie C,Parking Lot,1.613877,0.01310112,0.02074717,0.021143596242240003,Parking Lot LT rate 0.020747 does not equal residential base 0.013101 * tax ratio 1.6139 = 0.021144
R06,Within-municipality rate consistency,warning,57061,Sault Ste Marie C,Office Building,3.034592,0.01310112,0.03901115,0.03975655394304,Office Building LT rate 0.039011 does not equal residential base 0.013101 * tax ratio 3.0346 = 0.039757
R06,Within-municipality rate consistency,warning,57061,Sault Ste Marie C,Shopping Centre,2.3172829999999998,0.01310112,0.0297898,0.03035900265696,Shopping Centre LT rate 0.02979 does not equal residential base 0.013101 * tax ratio 2.3173 = 0.030359
R06,Within-municipality rate consistency,warning,57061,Sault Ste Marie C,Industrial,4.694835,0.01310112,0.06035439,0.06150759671520001,Industrial LT rate 0.060354 does not equal residential base 0.013101 * tax ratio 4.6948 = 0.061508
R06,Within-municipality rate consistency,warning,57061,Sault Ste Marie C,Industrial,4.694835,0.01310112,0.06035439,0.06150759671520001,Industrial LT rate 0.060354 does not equal residential base 0.013101 * tax ratio 4.6948 = 0.061508
R06,Within-municipality rate consistency,warning,57061,Sault Ste Marie C,Large Industrial,8.33815,0.01310112,0.10719096,0.10923910372800001,Large Industrial LT rate 0.107191 does not equal residential base 0.013101 * tax ratio 8.3382 = 0.109239
R06,Within-municipality rate consistency,warning,57061,Sault Ste Marie C,"Industrial, NConstr.",4.694835,0.01310112,0.06035439,0.06150759671520001,"Industrial, NConstr. LT rate 0.060354 does not equal residential base 0.013101 * tax ratio 4.6948 = 0.061508"
R06,Within-municipality rate consistency,warning,57061,Sault Ste Marie C,"Commercial, NConstr.",2.182893,0.01310112,0.02806214,0.02859834314016,"Commercial, NConstr. LT rate 0.028062 does not equal residential base 0.013101 * tax ratio 2.1829 = 0.028598"
R06,Within-municipality rate consistency,warning,57061,Sault Ste Marie C,"Commercial, NConstr.",2.182893,0.01310112,0.02806214,0.02859834314016,"Commercial, NConstr. LT rate 0.028062 does not equal residential base 0.013101 * tax ratio 2.1829 = 0.028598"
R06,Within-municipality rate consistency,warning,57061,Sault Ste Marie C,"Office Build., NConstr.",3.034592,0.01310112,0.03901115,0.03975655394304,"Office Build., NConstr. LT rate 0.039011 does not equal residential base 0.013101 * tax ratio 3.0346 = 0.039757"
R06,Within-municipality rate consistency,warning,57061,Sault Ste Marie C,"Shopp. Centre, NConstr.",2.3172829999999998,0.01310112,0.0297898,0.03035900265696,"Shopp. Centre, NConstr. LT rate 0.02979 does not equal residential base 0.013101 * tax ratio 2.3173 = 0.030359"
R06,Within-municipality rate consistency,warning,60034,Sioux Lookout M,Multi-Residential,2.057351,0.01904595,0.0379163,0.03918420427845,Multi-Residential LT rate 0.037916 does not equal residential base 0.019046 * tax ratio 2.0574 = 0.039184
R06,Within-municipality rate consistency,warning,9004,Smiths Falls ST,Industrial,2.5421110000000002,0.01658916,0.03934839,0.04217148611676,Industrial LT rate 0.039348 does not equal residential base 0.016589 * tax ratio 2.5421 = 0.042171
R06,Within-municipality rate consistency,warning,9004,Smiths Falls ST,Industrial,2.5421110000000002,0.01658916,0.03934839,0.04217148611676,Industrial LT rate 0.039348 does not equal residential base 0.016589 * tax ratio 2.5421 = 0.042171
R06,Within-municipality rate consistency,warning,9004,Smiths Falls ST,Large Industrial,2.5421110000000002,0.01658916,0.03934839,0.04217148611676,Large Industrial LT rate 0.039348 does not equal residential base 0.016589 * tax ratio 2.5421 = 0.042171
R06,Within-municipality rate consistency,warning,9004,Smiths Falls ST,Large Industrial,2.5421110000000002,0.01658916,0.04629222,0.04217148611676,Large Industrial LT rate 0.046292 does not equal residential base 0.016589 * tax ratio 2.5421 = 0.042171
R06,Within-municipality rate consistency,warning,52004,St-Charles M,Multi-Residential,2.035084,0.01237926,0.02433401,0.025192833957839996,Multi-Residential LT rate 0.024334 does not equal residential base 0.012379 * tax ratio 2.0351 = 0.025193
R06,Within-municipality rate consistency,warning,31011,Stratford C,Industrial,2.734745,0.01202594,0.03240226,0.0328878792853,Industrial LT rate 0.032402 does not equal residential base 0.012026 * tax ratio 2.7347 = 0.032888
R06,Within-municipality rate consistency,warning,31011,Stratford C,Industrial,2.734745,0.01202594,0.03240226,0.0328878792853,Industrial LT rate 0.032402 does not equal residential base 0.012026 * tax ratio 2.7347 = 0.032888
R06,Within-municipality rate consistency,warning,31011,Stratford C,Large Industrial,2.734745,0.01202594,0.03240226,0.0328878792853,Large Industrial LT rate 0.032402 does not equal residential base 0.012026 * tax ratio 2.7347 = 0.032888
R06,Within-municipality rate consistency,warning,31011,Stratford C,"Industrial, NConstr.",2.734745,0.01202594,0.03240226,0.0328878792853,"Industrial, NConstr. LT rate 0.032402 does not equal residential base 0.012026 * tax ratio 2.7347 = 0.032888"
R06,Within-municipality rate consistency,warning,31011,Stratford C,"Large Ind., NConstr.",2.734745,0.01202594,0.03240226,0.0328878792853,"Large Ind., NConstr. LT rate 0.032402 does not equal residential base 0.012026 * tax ratio 2.7347 = 0.032888"
R06,Within-municipality rate consistency,warning,48069,Temagami M,Multi-Residential,2.151772,0.00811923,0.01709835,0.017470731775559998,Multi-Residential LT rate 0.017098 does not equal residential base 0.008119 * tax ratio 2.1518 = 0.017471
R06,Within-municipality rate consistency,warning,54010,Temiskaming Shores C,Multi-Residential,2.398945,0.0115918,0.0271719,0.027808090650999998,Multi-Residential LT rate 0.027172 does not equal residential base 0.011592 * tax ratio 2.3989 = 0.027808
R06,Within-municipality rate consistency,warning,54010,Temiskaming Shores C,Commercial,2.054555,0.0115918,0.0235436,0.023815990649,Commercial LT rate 0.023544 does not equal residential base 0.011592 * tax ratio 2.0546 = 0.023816
R06,Within-municipality rate consistency,warning,54010,Temiskaming Shores C,Commercial,2.054555,0.0115918,0.0235436,0.023815990649,Commercial LT rate 0.023544 does not equal residential base 0.011592 * tax ratio 2.0546 = 0.023816
R06,Within-municipality rate consistency,warning,54010,Temiskaming Shores C,Parking Lot,2.054555,0.0115918,0.0235436,0.023815990649,Parking Lot LT rate 0.023544 does not equal residential base 0.011592 * tax ratio 2.0546 = 0.023816
R06,Within-municipality rate consistency,warning,54010,Temiskaming Shores C,Shopping Centre,2.054555,0.0115918,0.0235436,0.023815990649,Shopping Centre LT rate 0.023544 does not equal residential base 0.011592 * tax ratio 2.0546 = 0.023816
R06,Within-municipality rate consistency,warning,54010,Temiskaming Shores C,"Commercial, NConstr.",2.054555,0.0115918,0.0235436,0.023815990649,"Commercial, NConstr. LT rate 0.023544 does not equal residential base 0.011592 * tax ratio 2.0546 = 0.023816"
R06,Within-municipality rate consistency,warning,58054,Terrace Bay Tp,Multi-Residential,2.2926,0.02786795,0.06311728,0.06389006217,Multi-Residential LT rate 0.063117 does not equal residential base 0.027868 * tax ratio 2.2926 = 0.06389
R06,Within-municipality rate consistency,warning,58054,Terrace Bay Tp,Industrial,2.8201,0.02786795,0.07811314,0.078590405795,Industrial LT rate 0.078113 does not equal residential base 0.027868 * tax ratio 2.8201 = 0.07859
R06,Within-municipality rate consistency,warning,58054,Terrace Bay Tp,Large Industrial,2.8201,0.02786795,0.07811314,0.078590405795,Large Industrial LT rate 0.078113 does not equal residential base 0.027868 * tax ratio 2.8201 = 0.07859
R06,Within-municipality rate consistency,warning,2011,The Nation M,Industrial,2.721517,0.00701912,0.01873747,0.01910265440504,Industrial LT rate 0.018737 does not equal residential base 0.007019 * tax ratio 2.7215 = 0.019103
R06,Within-municipality rate consistency,warning,2011,The Nation M,Industrial,2.721517,0.00701912,0.01873747,0.01910265440504,Industrial LT rate 0.018737 does not equal residential base 0.007019 * tax ratio 2.7215 = 0.019103
R06,Within-municipality rate consistency,warning,2011,The Nation M,"Industrial, NConstr.",2.721517,0.00701912,0.01873747,0.01910265440504,"Industrial, NConstr. LT rate 0.018737 does not equal residential base 0.007019 * tax ratio 2.7215 = 0.019103"
R06,Within-municipality rate consistency,warning,58004,Thunder Bay C,Multi-Residential,2.285,0.01246043,0.02829694,0.02847208255,Multi-Residential LT rate 0.028297 does not equal residential base 0.01246 * tax ratio 2.285 = 0.028472
R06,Within-municipality rate consistency,warning,58004,Thunder Bay C,Large Industrial,3.17,0.01246043,0.03623372,0.039499563099999996,Large Industrial LT rate 0.036234 does not equal residential base 0.01246 * tax ratio 3.17 = 0.0395
R06,Within-municipality rate consistency,warning,58004,Thunder Bay C,Large Industrial,3.17,0.01246043,0.03623372,0.039499563099999996,Large Industrial LT rate 0.036234 does not equal residential base 0.01246 * tax ratio 3.17 = 0.0395
R06,Within-municipality rate consistency,warning,58004,Thunder Bay C,Large Industrial,3.17,0.01246043,0.04473299,0.039499563099999996,Large Industrial LT rate 0.044733 does not equal residential base 0.01246 * tax ratio 3.17 = 0.0395
R06,Within-municipality rate consistency,warning,32004,Tillsonburg T,Multi-Residential,2.185,0.00783272,0.01644604,0.0171144932,Multi-Residential LT rate 0.016446 does not equal residential base 0.007833 * tax ratio 2.185 = 0.017114
R06,Within-municipality rate consistency,warning,32004,Tillsonburg T,Commercial,1.9018000000000002,0.00783272,0.01458601,0.014896266896,Commercial LT rate 0.014586 does not equal residential base 0.007833 * tax ratio 1.9018 = 0.014896
R06,Within-municipality rate consistency,warning,56027,Timmins C,Commercial,2.045368,0.01706102,0.03449459,0.034896064355359996,Commercial LT rate 0.034495 does not equal residential base 0.017061 * tax ratio 2.0454 = 0.034896
R06,Within-municipality rate consistency,warning,56027,Timmins C,Commercial,2.045368,0.01706102,0.03449459,0.034896064355359996,Commercial LT rate 0.034495 does not equal residential base 0.017061 * tax ratio 2.0454 = 0.034896
R06,Within-municipality rate consistency,warning,56027,Timmins C,Parking Lot,2.045368,0.01706102,0.03449459,0.034896064355359996,Parking Lot LT rate 0.034495 does not equal residential base 0.017061 * tax ratio 2.0454 = 0.034896
R06,Within-municipality rate consistency,warning,56027,Timmins C,Office Building,2.045368,0.01706102,0.03449459,0.034896064355359996,Office Building LT rate 0.034495 does not equal residential base 0.017061 * tax ratio 2.0454 = 0.034896
R06,Within-municipality rate consistency,warning,56027,Timmins C,Shopping Centre,2.045368,0.01706102,0.03449459,0.034896064355359996,Shopping Centre LT rate 0.034495 does not equal residential base 0.017061 * tax ratio 2.0454 = 0.034896
R06,Within-municipality rate consistency,warning,56027,Timmins C,"Commercial, NConstr.",2.045368,0.01706102,0.03449459,0.034896064355359996,"Commercial, NConstr. LT rate 0.034495 does not equal residential base 0.017061 * tax ratio 2.0454 = 0.034896"
R06,Within-municipality rate consistency,warning,56027,Timmins C,"Office Build., NConstr.",2.045368,0.01706102,0.03449459,0.034896064355359996,"Office Build., NConstr. LT rate 0.034495 does not equal residential base 0.017061 * tax ratio 2.0454 = 0.034896"
R06,Within-municipality rate consistency,warning,56027,Timmins C,"Shopp. Centre, NConstr.",2.045368,0.01706102,0.03449459,0.034896064355359996,"Shopp. Centre, NConstr. LT rate 0.034495 does not equal residential base 0.017061 * tax ratio 2.0454 = 0.034896"
R06,Within-municipality rate consistency,warning,20002,Toronto C,Multi-Residential,2.344422,0.00451568,0.01032342,0.010586659536959999,Multi-Residential LT rate 0.010323 does not equal residential base 0.004516 * tax ratio 2.3444 = 0.010587
R06,Within-municipality rate consistency,warning,20002,Toronto C,Commercial,2.665,0.00451568,0.01104768,0.0120342872,Commercial LT rate 0.011048 does not equal residential base 0.004516 * tax ratio 2.665 = 0.012034
R06,Within-municipality rate consistency,warning,20002,Toronto C,Commercial,2.665,0.00451568,0.01243691,0.0120342872,Commercial LT rate 0.012437 does not equal residential base 0.004516 * tax ratio 2.665 = 0.012034
R06,Within-municipality rate consistency,warning,20002,Toronto C,Commercial,2.665,0.00451568,0.01104768,0.0120342872,Commercial LT rate 0.011048 does not equal residential base 0.004516 * tax ratio 2.665 = 0.012034
R06,Within-municipality rate consistency,warning,20002,Toronto C,Commercial,2.665,0.00451568,0.01243691,0.0120342872,Commercial LT rate 0.012437 does not equal residential base 0.004516 * tax ratio 2.665 = 0.012034
R06,Within-municipality rate consistency,warning,20002,Toronto C,Parking Lot,2.7800000000000002,0.00451568,0.01243691,0.012553590400000002,Parking Lot LT rate 0.012437 does not equal residential base 0.004516 * tax ratio 2.78 = 0.012554
R06,Within-municipality rate consistency,warning,20002,Toronto C,Office Building,2.7800000000000002,0.00451568,0.01243691,0.012553590400000002,Office Building LT rate 0.012437 does not equal residential base 0.004516 * tax ratio 2.78 = 0.012554
R06,Within-municipality rate consistency,warning,20002,Toronto C,Shopping Centre,2.7800000000000002,0.00451568,0.01243691,0.012553590400000002,Shopping Centre LT rate 0.012437 does not equal residential base 0.004516 * tax ratio 2.78 = 0.012554
R06,Within-municipality rate consistency,warning,20002,Toronto C,Prof. Sports Facility,2.7800000000000002,0.00451568,0.01243691,0.012553590400000002,Prof. Sports Facility LT rate 0.012437 does not equal residential base 0.004516 * tax ratio 2.78 = 0.012554
R06,Within-municipality rate consistency,warning,20002,Toronto C,Office Building,2.7800000000000002,0.00451568,0.01243691,0.012553590400000002,Office Building LT rate 0.012437 does not equal residential base 0.004516 * tax ratio 2.78 = 0.012554
R06,Within-municipality rate consistency,warning,20002,Toronto C,Industrial,2.763161,0.00451568,0.01215805,0.012477550864480002,Industrial LT rate 0.012158 does not equal residential base 0.004516 * tax ratio 2.7632 = 0.012478
R06,Within-municipality rate consistency,warning,20002,Toronto C,Industrial,2.763161,0.00451568,0.01215805,0.012477550864480002,Industrial LT rate 0.012158 does not equal residential base 0.004516 * tax ratio 2.7632 = 0.012478
R06,Within-municipality rate consistency,warning,20002,Toronto C,Large Industrial,2.763161,0.00451568,0.01215805,0.012477550864480002,Large Industrial LT rate 0.012158 does not equal residential base 0.004516 * tax ratio 2.7632 = 0.012478
R06,Within-municipality rate consistency,warning,20002,Toronto C,"Industrial, NConstr.",2.763161,0.00451568,0.01215805,0.012477550864480002,"Industrial, NConstr. LT rate 0.012158 does not equal residential base 0.004516 * tax ratio 2.7632 = 0.012478"
R06,Within-municipality rate consistency,warning,20002,Toronto C,"Large Ind., NConstr.",2.763161,0.00451568,0.01215805,0.012477550864480002,"Large Ind., NConstr. LT rate 0.012158 does not equal residential base 0.004516 * tax ratio 2.7632 = 0.012478"
R06,Within-municipality rate consistency,warning,20002,Toronto C,"Commercial, NConstr.",2.665,0.00451568,0.01104768,0.0120342872,"Commercial, NConstr. LT rate 0.011048 does not equal residential base 0.004516 * tax ratio 2.665 = 0.012034"
R06,Within-municipality rate consistency,warning,20002,Toronto C,"Commercial, NConstr.",2.665,0.00451568,0.01243691,0.0120342872,"Commercial, NConstr. LT rate 0.012437 does not equal residential base 0.004516 * tax ratio 2.665 = 0.012034"
R06,Within-municipality rate consistency,warning,20002,Toronto C,"Office Build., NConstr.",2.7800000000000002,0.00451568,0.01243691,0.012553590400000002,"Office Build., NConstr. LT rate 0.012437 does not equal residential base 0.004516 * tax ratio 2.78 = 0.012554"
R06,Within-municipality rate consistency,warning,20002,Toronto C,"Shopp. Centre, NConstr.",2.7800000000000002,0.00451568,0.01243691,0.012553590400000002,"Shopp. Centre, NConstr. LT rate 0.012437 does not equal residential base 0.004516 * tax ratio 2.78 = 0.012554"
R06,Within-municipality rate consistency,warning,57076,Wawa M,Commercial,1.9693,0.02619528,0.04425676,0.051586364904,Commercial LT rate 0.044257 does not equal residential base 0.026195 * tax ratio 1.9693 = 0.051586
R06,Within-municipality rate consistency,warning,57076,Wawa M,Commercial,1.9693,0.02619528,0.05015767,0.051586364904,Commercial LT rate 0.050158 does not equal residential base 0.026195 * tax ratio 1.9693 = 0.051586
R06,Within-municipality rate consistency,warning,57076,Wawa M,Commercial,1.9693,0.02619528,0.05900902,0.051586364904,Commercial LT rate 0.059009 does not equal residential base 0.026195 * tax ratio 1.9693 = 0.051586
R06,Within-municipality rate consistency,warning,57076,Wawa M,Parking Lot,1.9693,0.02619528,0.04425676,0.051586364904,Parking Lot LT rate 0.044257 does not equal residential base 0.026195 * tax ratio 1.9693 = 0.051586
R06,Within-municipality rate consistency,warning,57076,Wawa M,"Commercial, NConstr.",1.9693,0.02619528,0.04425676,0.051586364904,"Commercial, NConstr. LT rate 0.044257 does not equal residential base 0.026195 * tax ratio 1.9693 = 0.051586"
R06,Within-municipality rate consistency,warning,57076,Wawa M,"Commercial, NConstr.",1.9693,0.02619528,0.05015767,0.051586364904,"Commercial, NConstr. LT rate 0.050158 does not equal residential base 0.026195 * tax ratio 1.9693 = 0.051586"
R06,Within-municipality rate consistency,warning,57076,Wawa M,"Commercial, NConstr.",1.9693,0.02619528,0.05900902,0.051586364904,"Commercial, NConstr. LT rate 0.059009 does not equal residential base 0.026195 * tax ratio 1.9693 = 0.051586"
R06,Within-municipality rate consistency,warning,47050,Whitewater Region Tp,Industrial,2.865692,0.00630057,0.01720215,0.018055493044440003,Industrial LT rate 0.017202 does not equal residential base 0.006301 * tax ratio 2.8657 = 0.018055
R06,Within-municipality rate consistency,warning,47050,Whitewater Region Tp,Industrial,2.865692,0.00630057,0.01720215,0.018055493044440003,Industrial LT rate 0.017202 does not equal residential base 0.006301 * tax ratio 2.8657 = 0.018055
R06,Within-municipality rate consistency,warning,47050,Whitewater Region Tp,Large Industrial,3.575154,0.00630057,0.0214609,0.02252550803778,Large Industrial LT rate 0.021461 does not equal residential base 0.006301 * tax ratio 3.5752 = 0.022526
R06,Within-municipality rate consistency,warning,47050,Whitewater Region Tp,"Industrial, NConstr.",2.865692,0.00630057,0.01720215,0.018055493044440003,"Industrial, NConstr. LT rate 0.017202 does not equal residential base 0.006301 * tax ratio 2.8657 = 0.018055"
R06,Within-municipality rate consistency,warning,32042,Woodstock C,Multi-Residential,2.185,0.0095382,0.02029074,0.020840967000000002,Multi-Residential LT rate 0.020291 does not equal residential base 0.009538 * tax ratio 2.185 = 0.020841
R06,Within-municipality rate consistency,warning,32027,Zorra Tp,Multi-Residential,2.185,0.00523541,0.01073659,0.01143937085,Multi-Residential LT rate 0.010737 does not equal residential base 0.005235 * tax ratio 2.185 = 0.011439
